KODE PROVINSI,KODE KAB_KOTA,PROVINSI,KAB_KOTA,SD,SMP,SMA,SMK,PAGU
1,01 00 ,DKI JAKARTA,DKI JAKARTA,815,272,337,192,543468015514000
1,01 51 ,DKI JAKARTA,KOTA JAKARTA PUSAT,57,25,17,42,329474392308000
1,01 52 ,DKI JAKARTA,KOTA JAKARTA UTARA,162,57,23,42,4415607228000
1,01 53 ,DKI JAKARTA,KOTA JAKARTA BARAT,235,46,44,19,4997506878000
1,01 54 ,DKI JAKARTA,KOTA JAKARTA SELATAN,139,62,24,24,170023682638000
1,01 55 ,DKI JAKARTA,KOTA JAKARTA TIMUR,221,82,229,65,33760086083000
2,02 00 ,JAWA BARAT,JAWA BARAT,5272,1217,688,1595,45936127084000
2,02 05 ,JAWA BARAT,KAB. BOGOR,781,130,66,328,4530368925000
2,02 06 ,JAWA BARAT,KAB. SUKABUMI,374,94,82,248,654219785000
2,02 07 ,JAWA BARAT,KAB. CIANJUR,500,160,44,184,822897121000
2,02 08 ,JAWA BARAT,KAB. BEKASI,267,55,9,89,1118292302000
2,02 09 ,JAWA BARAT,KAB. KARAWANG,388,49,7,46,958957501000
2,02 10 ,JAWA BARAT,KAB. PURWAKARTA,84,15,5,9,475019911000
2,02 11 ,JAWA BARAT,KAB. SUBANG,126,56,24,67,1613016887000
2,02 12 ,JAWA BARAT,KAB. BANDUNG,465,100,26,89,666551038000
2,02 13 ,JAWA BARAT,KAB. SUMEDANG,117,10,0,4,909102918000
2,02 15 ,JAWA BARAT,KAB. TASIKMALAYA,194,67,78,20,815621765000
2,02 16 ,JAWA BARAT,KAB. CIAMIS,78,19,3,19,437835406000
2,02 17 ,JAWA BARAT,KAB. CIREBON,231,59,7,129,631240135000
2,02 18 ,JAWA BARAT,KAB. KUNINGAN,104,24,9,48,486514048000
2,02 19 ,JAWA BARAT,KAB. INDRAMAYU,208,64,80,41,583675098000
2,02 20 ,JAWA BARAT,KAB. MAJALENGKA,147,19,3,13,489362418000
2,02 21 ,JAWA BARAT,KAB. BANDUNG BARAT,202,40,79,38,705256185000
2,02 22 ,JAWA BARAT,KAB. PANGANDARAN,23,2,1,13,194128613000
2,02 51 ,JAWA BARAT,KOTA BANDUNG,135,5,10,22,19018705466000
2,02 52 ,JAWA BARAT,KOTA BOGOR,46,11,0,10,2189220628000
2,02 53 ,JAWA BARAT,KOTA SUKABUMI,31,1,13,0,462566004000
2,02 54 ,JAWA BARAT,KOTA CIREBON,23,19,1,3,2663450522000
2,02 57 ,JAWA BARAT,KOTA BEKASI,176,33,36,35,997389722000
2,02 58 ,JAWA BARAT,KOTA DEPOK,154,45,3,22,893547677000
2,02 60 ,JAWA BARAT,KOTA TASIKMALAYA,64,20,0,8,645294082000
2,02 61 ,JAWA BARAT,KOTA CIMAHI,24,7,1,8,1206307779000
2,02 62 ,JAWA BARAT,KOTA BANJAR,14,1,1,7,683344688000
3,03 00 ,JAWA TENGAH,JAWA TENGAH,2212,464,166,652,39663815151000
3,03 01 ,JAWA TENGAH,KAB. SEMARANG,53,8,2,30,305265954000
3,03 02 ,JAWA TENGAH,KAB. KENDAL,40,11,10,28,314505153000
3,03 03 ,JAWA TENGAH,KAB. DEMAK,130,4,6,58,439093401000
3,03 04 ,JAWA TENGAH,KAB. GROBOGAN,86,35,5,44,569072220000
3,03 05 ,JAWA TENGAH,KAB. PEKALONGAN,67,8,9,6,314036360000
3,03 06 ,JAWA TENGAH,KAB. BATANG,80,3,1,5,327243819000
3,03 07 ,JAWA TENGAH,KAB. TEGAL,121,21,4,65,367701275000
3,03 08 ,JAWA TENGAH,KAB. BREBES,221,90,10,98,414799064000
3,03 09 ,JAWA TENGAH,KAB. PATI,90,4,2,29,561138708000
3,03 10 ,JAWA TENGAH,KAB. KUDUS,45,4,0,15,456933616000
3,03 11 ,JAWA TENGAH,KAB. PEMALANG,141,27,1,14,371919816000
3,03 12 ,JAWA TENGAH,KAB. JEPARA,52,18,13,22,405651725000
3,03 13 ,JAWA TENGAH,KAB. REMBANG,15,2,6,7,266244821000
3,03 14 ,JAWA TENGAH,KAB. BLORA,84,8,5,14,590460531000
3,03 15 ,JAWA TENGAH,KAB. BANYUMAS,92,28,7,12,2035882123000
3,03 16 ,JAWA TENGAH,KAB. CILACAP,109,8,8,8,885956225000
3,03 17 ,JAWA TENGAH,KAB. PURBALINGGA,56,0,1,33,402789192000
3,03 18 ,JAWA TENGAH,KAB. BANJARNEGARA,123,16,2,15,352128017000
3,03 19 ,JAWA TENGAH,KAB. MAGELANG,58,30,2,34,495501843000
3,03 20 ,JAWA TENGAH,KAB. TEMANGGUNG,16,7,1,1,346715103000
3,03 21 ,JAWA TENGAH,KAB. WONOSOBO,46,23,2,1,387936827000
3,03 22 ,JAWA TENGAH,KAB. PURWOREJO,14,14,0,0,312900125000
3,03 23 ,JAWA TENGAH,KAB. KEBUMEN,111,3,9,25,434005910000
3,03 24 ,JAWA TENGAH,KAB. KLATEN,32,1,7,9,874167732000
3,03 25 ,JAWA TENGAH,KAB. BOYOLALI,39,2,7,8,465449964000
3,03 26 ,JAWA TENGAH,KAB. SRAGEN,60,25,7,19,411880159000
3,03 27 ,JAWA TENGAH,KAB. SUKOHARJO,34,4,14,6,1523134650000
3,03 28 ,JAWA TENGAH,KAB. KARANGANYAR,25,11,0,8,838839129000
3,03 29 ,JAWA TENGAH,KAB. WONOGIRI,40,17,4,20,343269218000
3,03 51 ,JAWA TENGAH,KOTA SEMARANG,65,10,4,9,18166860155000
3,03 52 ,JAWA TENGAH,KOTA SALATIGA,4,7,0,2,560283602000
3,03 53 ,JAWA TENGAH,KOTA PEKALONGAN,13,2,0,1,368439226000
3,03 54 ,JAWA TENGAH,KOTA TEGAL,16,1,9,2,638234827000
3,03 55 ,JAWA TENGAH,KOTA MAGELANG,3,4,2,1,1230656155000
3,03 56 ,JAWA TENGAH,KOTA SURAKARTA,31,8,6,3,2884718506000
4,04 01 ,DI YOGYAKARTA,KAB. BANTUL,14,0,1,4,782545313000
4,04 02 ,DI YOGYAKARTA,KAB. SLEMAN,24,1,1,4,3365507410000
4,04 03 ,DI YOGYAKARTA,KAB. GUNUNGKIDUL,21,4,2,0,389665640000
4,04 51 ,DI YOGYAKARTA,KOTA YOGYAKARTA,34,5,1,8,7421131062000
5,05 00 ,JAWA TIMUR,JAWA TIMUR,2654,1792,842,1645,45217577671000
5,05 01 ,JAWA TIMUR,KAB. GRESIK,55,22,15,82,454468978000
5,05 02 ,JAWA TIMUR,KAB. MOJOKERTO,25,16,21,1,422753890000
5,05 03 ,JAWA TIMUR,KAB. SIDOARJO,80,37,13,43,3639894458000
5,05 04 ,JAWA TIMUR,KAB. JOMBANG,77,25,16,8,603161936000
5,05 05 ,JAWA TIMUR,KAB. SAMPANG,294,294,112,74,310432391000
5,05 06 ,JAWA TIMUR,KAB. PAMEKASAN,139,103,88,118,592036693000
5,05 07 ,JAWA TIMUR,KAB. SUMENEP,102,112,72,104,519284169000
5,05 08 ,JAWA TIMUR,KAB. BANGKALAN,214,122,34,89,628558737000
5,05 09 ,JAWA TIMUR,KAB. BONDOWOSO,83,38,32,60,344149612000
5,05 10 ,JAWA TIMUR,KAB. SITUBONDO,67,115,9,39,372049352000
5,05 11 ,JAWA TIMUR,KAB. BANYUWANGI,77,25,4,20,837121919000
5,05 12 ,JAWA TIMUR,KAB. JEMBER,184,236,41,383,2321275645000
5,05 13 ,JAWA TIMUR,KAB. MALANG,205,185,37,131,1177309980000
5,05 14 ,JAWA TIMUR,KAB. PASURUAN,103,18,5,38,561979466000
5,05 15 ,JAWA TIMUR,KAB. PROBOLINGGO,132,106,31,45,327588889000
5,05 16 ,JAWA TIMUR,KAB. LUMAJANG,73,50,42,16,341601352000
5,05 17 ,JAWA TIMUR,KAB. KEDIRI,36,28,11,16,490398310000
5,05 18 ,JAWA TIMUR,KAB. TULUNGAGUNG,37,10,13,15,770930600000
5,05 19 ,JAWA TIMUR,KAB. NGANJUK,74,13,1,41,487886588000
5,05 20 ,JAWA TIMUR,KAB. TRENGGALEK,14,9,4,15,304943969000
5,05 21 ,JAWA TIMUR,KAB. BLITAR,42,20,7,23,382165866000
5,05 22 ,JAWA TIMUR,KAB. MADIUN,19,3,2,3,411187320000
5,05 23 ,JAWA TIMUR,KAB. NGAWI,28,22,13,10,396560759000
5,05 24 ,JAWA TIMUR,KAB. MAGETAN,29,5,17,9,354382656000
5,05 25 ,JAWA TIMUR,KAB. PONOROGO,22,17,5,29,535647795000
5,05 26 ,JAWA TIMUR,KAB. PACITAN,34,8,5,6,245840078000
5,05 27 ,JAWA TIMUR,KAB. BOJONEGORO,29,9,15,26,483984490000
5,05 28 ,JAWA TIMUR,KAB. TUBAN,33,16,13,7,420214087000
5,05 29 ,JAWA TIMUR,KAB. LAMONGAN,21,21,34,19,446062556000
5,05 51 ,JAWA TIMUR,KOTA SURABAYA,257,78,31,80,17501286653000
5,05 52 ,JAWA TIMUR,KOTA MOJOKERTO,2,0,0,5,626312171000
5,05 53 ,JAWA TIMUR,KOTA MALANG,12,14,84,35,4217769538000
5,05 54 ,JAWA TIMUR,KOTA PASURUAN,7,2,0,2,232073484000
5,05 55 ,JAWA TIMUR,KOTA PROBOLINGGO,16,9,2,20,175360613000
5,05 56 ,JAWA TIMUR,KOTA BLITAR,0,0,1,14,230187238000
5,05 57 ,JAWA TIMUR,KOTA KEDIRI,21,2,3,17,800274088000
5,05 58 ,JAWA TIMUR,KOTA MADIUN,5,0,0,0,1373499785000
5,05 59 ,JAWA TIMUR,KOTA BATU,6,2,9,2,876941560000
6,06 00 ,ACEH,ACEH,1060,440,299,169,16000815877000
6,06 01 ,ACEH,KAB. ACEH BESAR,32,13,15,19,790470507000
6,06 03 ,ACEH,KAB. ACEH UTARA,94,52,73,24,692174431000
6,06 04 ,ACEH,KAB. ACEH TIMUR,214,98,2,9,345556090000
6,06 05 ,ACEH,KAB. ACEH SELATAN,22,26,16,2,260053890000
6,06 06 ,ACEH,KAB. ACEH BARAT,21,5,9,4,300746751000
6,06 07 ,ACEH,KAB. ACEH TENGAH,24,7,5,20,441131617000
6,06 08 ,ACEH,KAB. ACEH TENGGARA,182,46,23,1,241930162000
6,06 10 ,ACEH,KAB. ACEH SINGKIL,51,11,4,3,124453626000
6,06 12 ,ACEH,KAB. ACEH BARAT DAYA,7,2,13,0,169291551000
6,06 14 ,ACEH,KAB. ACEH JAYA,19,3,15,4,132605811000
6,06 15 ,ACEH,KAB. NAGAN RAYA,35,28,8,0,163156324000
6,06 16 ,ACEH,KAB. ACEH TAMIANG,19,27,5,7,213497993000
6,06 17 ,ACEH,KAB. BENER MERIAH,23,4,8,2,166922686000
6,06 18 ,ACEH,KAB. PIDIE JAYA,20,6,9,8,211112868000
6,06 51 ,ACEH,KOTA BANDA ACEH,21,2,6,12,7659642185000
6,06 52 ,ACEH,KOTA SABANG,1,0,0,0,287647970000
6,06 53 ,ACEH,KOTA LANGSA,38,23,4,15,480652908000
6,06 54 ,ACEH,KOTA LHOKSEUMAWE,10,1,2,8,1467773607000
7,07 00 ,SUMATERA UTARA,SUMATERA UTARA,3767,1666,1263,2283,20510426452000
7,07 02 ,SUMATERA UTARA,KAB. KARO,65,18,35,31,208343801000
7,07 03 ,SUMATERA UTARA,KAB. LANGKAT,379,82,125,110,424078261000
7,07 04 ,SUMATERA UTARA,KAB. TAPANULI TENGAH,76,36,23,68,217664343000
7,07 05 ,SUMATERA UTARA,KAB. SIMALUNGUN,206,134,84,100,308686656000
7,07 06 ,SUMATERA UTARA,KAB. LABUHANBATU,52,50,16,52,303076468000
7,07 08 ,SUMATERA UTARA,KAB. TAPANULI UTARA,48,20,14,12,270022407000
7,07 09 ,SUMATERA UTARA,KAB. TAPANULI SELATAN,50,15,17,0,227416790000
7,07 10 ,SUMATERA UTARA,KAB. ASAHAN,284,34,43,37,311374735000
7,07 12 ,SUMATERA UTARA,KAB. SAMOSIR,38,8,9,5,95943287000
7,07 13 ,SUMATERA UTARA,KAB. MANDAILING NATAL,115,29,23,22,371954844000
7,07 14 ,SUMATERA UTARA,KAB. NIAS SELATAN,311,252,181,197,137806864000
7,07 16 ,SUMATERA UTARA,KAB. HUMBANG HASUNDUTAN,52,22,28,2,130310303000
7,07 20 ,SUMATERA UTARA,KAB. SERDANG BEDAGAI,261,85,26,87,225557020000
7,07 22 ,SUMATERA UTARA,KAB. PADANG LAWAS,73,26,40,34,184202081000
7,07 23 ,SUMATERA UTARA,KAB. PADANG LAWAS UTARA,28,22,2,18,119861039000
7,07 26 ,SUMATERA UTARA,KAB. NIAS UTARA,49,26,9,12,47026569000
7,07 27 ,SUMATERA UTARA,KAB. NIAS BARAT,25,2,9,3,52340386000
7,07 51 ,SUMATERA UTARA,KOTA MEDAN,449,217,176,329,12706697831000
7,07 54 ,SUMATERA UTARA,KOTA PEMATANGSIANTAR,29,6,14,104,385405434000
7,07 56 ,SUMATERA UTARA,KOTA SIBOLGA,40,7,15,0,652588999000
7,07 57 ,SUMATERA UTARA,KOTA PADANG SIDEMPUAN,10,38,25,103,251208594000
8,08 00 ,SUMATERA BARAT,SUMATERA BARAT,778,309,241,252,10496276559000
8,08 02 ,SUMATERA BARAT,KAB. PASAMAN,64,5,23,3,182160430000
8,08 03 ,SUMATERA BARAT,KAB. LIMA PULUH KOTA,43,25,6,2,356779797000
8,08 05 ,SUMATERA BARAT,KAB. PADANG PARIAMAN,84,24,9,8,372361490000
8,08 06 ,SUMATERA BARAT,KAB. PESISIR SELATAN,61,29,24,137,283267302000
8,08 07 ,SUMATERA BARAT,KAB. TANAH DATAR,38,20,8,3,443171628000
8,08 09 ,SUMATERA BARAT,KAB. KEPULAUAN MENTAWAI,40,28,26,0,100176946000
8,08 11 ,SUMATERA BARAT,KAB. SOLOK SELATAN,32,18,1,2,128299426000
8,08 12 ,SUMATERA BARAT,KAB. PASAMAN BARAT,65,28,27,16,206602456000
8,08 13 ,SUMATERA BARAT,KAB. SIJUNJUNG,37,13,2,4,85710377000
8,08 51 ,SUMATERA BARAT,KOTA BUKITTINGGI,5,14,22,1,516456191000
8,08 52 ,SUMATERA BARAT,KOTA PADANG PANJANG,3,1,1,14,311914250000
8,08 54 ,SUMATERA BARAT,KOTA SAWAHLUNTO,3,0,4,0,117176214000
8,08 55 ,SUMATERA BARAT,KOTA PADANG,81,8,13,17,6078102104000
8,08 56 ,SUMATERA BARAT,KOTA PAYAKUMBUH,19,15,26,0,203757898000
8,08 57 ,SUMATERA BARAT,KOTA PARIAMAN,18,0,1,10,215213604000
9,09 00 ,RIAU,RIAU,1051,498,232,253,7863768708000
9,09 01 ,RIAU,KAB. KAMPAR,90,42,60,7,324804065000
9,09 02 ,RIAU,KAB. BENGKALIS,74,26,31,22,448386903000
9,09 04 ,RIAU,KAB. INDRAGIRI HULU,132,18,7,11,221894105000
9,09 05 ,RIAU,KAB. INDRAGIRI HILIR,125,45,29,7,358521616000
9,09 06 ,RIAU,KAB. PELALAWAN,71,25,9,114,181790089000
9,09 07 ,RIAU,KAB. ROKAN HULU,103,58,6,27,206667277000
9,09 08 ,RIAU,KAB. ROKAN HILIR,157,43,42,22,255158475000
9,09 09 ,RIAU,KAB. SIAK,52,19,6,7,256086244000
9,09 12 ,RIAU,KAB. KUANTAN SINGINGI,23,4,7,3,193817532000
9,09 13 ,RIAU,KAB. KEPULAUAN MERANTI,57,21,11,0,156764523000
9,09 51 ,RIAU,KOTA PEKANBARU,144,192,15,26,4884134149000
9,09 53 ,RIAU,KOTA DUMAI,23,5,9,7,351516193000
10,10 00 ,JAMBI,JAMBI,664,160,191,68,7512057549000
10,10 02 ,JAMBI,KAB. TANJUNG JABUNG BARAT,110,11,12,5,190329637000
10,10 03 ,JAMBI,KAB. BUNGO,45,30,29,11,246973717000
10,10 04 ,JAMBI,KAB. SAROLANGUN,36,5,8,2,197257593000
10,10 05 ,JAMBI,KAB. KERINCI,166,39,56,2,402544221000
10,10 06 ,JAMBI,KAB. MERANGIN,36,24,3,6,227130689000
10,10 07 ,JAMBI,KAB. TANJUNG JABUNG TIMUR,55,9,6,4,190918189000
10,10 09 ,JAMBI,KAB. MUARO JAMBI,34,6,9,1,277227172000
10,10 51 ,JAMBI,KOTA JAMBI,50,9,11,15,5247730974000
10,10 52 ,JAMBI,KOTA SUNGAI PENUH,18,15,0,2,92095710000
11,11 00 ,SUMATERA SELATAN,SUMATERA SELATAN,1887,524,397,274,16328811167000
11,11 04 ,SUMATERA SELATAN,KAB. OGAN KOMERING ULU,121,16,8,21,252808386000
11,11 05 ,SUMATERA SELATAN,KAB. MUARA ENIM,174,33,16,13,357425147000
11,11 07 ,SUMATERA SELATAN,KAB. MUSI RAWAS,193,25,9,19,184616755000
11,11 08 ,SUMATERA SELATAN,KAB. OGAN KOMERING ILIR,221,28,27,13,291115883000
11,11 09 ,SUMATERA SELATAN,KAB. BANYUASIN,180,84,48,16,357564383000
11,11 12 ,SUMATERA SELATAN,KAB. OGAN ILIR,76,57,14,8,219919817000
11,11 17 ,SUMATERA SELATAN,KAB. EMPAT LAWANG,66,12,9,3,115877891000
11,11 18 ,SUMATERA SELATAN,KAB. PENUKAL ABAB LEMATANG ILIR,102,14,20,7,85086934000
11,11 19 ,SUMATERA SELATAN,KAB. MUSI RAWAS UTARA,38,12,35,1,86130976000
11,11 51 ,SUMATERA SELATAN,KOTA PALEMBANG,179,45,39,86,12978270126000
11,11 53 ,SUMATERA SELATAN,KOTA PRABUMULIH,55,8,1,9,148197407000
11,11 54 ,SUMATERA SELATAN,KOTA PAGAR ALAM,10,28,23,2,109533576000
12,12 00 ,LAMPUNG,LAMPUNG,849,199,261,127,8296352227000
12,12 01 ,LAMPUNG,KAB. LAMPUNG SELATAN,125,38,20,29,646548713000
12,12 02 ,LAMPUNG,KAB. LAMPUNG TENGAH,74,15,19,10,332681727000
12,12 03 ,LAMPUNG,KAB. LAMPUNG UTARA,66,9,20,12,290321547000
12,12 04 ,LAMPUNG,KAB. LAMPUNG BARAT,26,14,12,0,156326297000
12,12 05 ,LAMPUNG,KAB. TULANG BAWANG,57,25,3,5,164464488000
12,12 06 ,LAMPUNG,KAB. TANGGAMUS,62,21,6,14,266099335000
12,12 07 ,LAMPUNG,KAB. LAMPUNG TIMUR,80,18,9,11,358058179000
12,12 08 ,LAMPUNG,KAB. WAY KANAN,54,12,110,1,183919527000
12,12 09 ,LAMPUNG,KAB. PESAWARAN,66,4,3,18,212259386000
12,12 10 ,LAMPUNG,KAB. PRINGSEWU,31,3,1,2,171170243000
12,12 11 ,LAMPUNG,KAB. MESUJI,36,6,5,1,105954809000
12,12 12 ,LAMPUNG,KAB. TULANG BAWANG BARAT,22,18,2,9,118817490000
12,12 13 ,LAMPUNG,KAB. PESISIR BARAT,43,4,0,0,73145527000
12,12 51 ,LAMPUNG,KOTA BANDAR LAMPUNG,100,11,43,5,4949791575000
12,12 52 ,LAMPUNG,KOTA METRO,7,1,8,10,266793384000
13,13 00 ,KALIMANTAN BARAT,KALIMANTAN BARAT,1092,384,167,223,8818659337000
13,13 01 ,KALIMANTAN BARAT,KAB. SAMBAS,125,22,17,39,356464995000
13,13 02 ,KALIMANTAN BARAT,KAB. SANGGAU,118,79,20,58,282685847000
13,13 03 ,KALIMANTAN BARAT,KAB. SINTANG,98,19,6,12,704197490000
13,13 04 ,KALIMANTAN BARAT,KAB. MEMPAWAH,41,2,5,2,351292128000
13,13 05 ,KALIMANTAN BARAT,KAB. KAPUAS HULU,42,66,3,6,349055491000
13,13 06 ,KALIMANTAN BARAT,KAB. KETAPANG,176,70,11,33,352389544000
13,13 07 ,KALIMANTAN BARAT,KAB. BENGKAYANG,43,28,15,8,166355694000
13,13 08 ,KALIMANTAN BARAT,KAB. LANDAK,33,6,19,1,170098828000
13,13 09 ,KALIMANTAN BARAT,KAB. MELAWI,81,34,17,9,131913436000
13,13 10 ,KALIMANTAN BARAT,KAB. SEKADAU,29,9,4,10,105220143000
13,13 11 ,KALIMANTAN BARAT,KAB. KAYONG UTARA,43,8,1,1,87762134000
13,13 12 ,KALIMANTAN BARAT,KAB. KUBU RAYA,152,25,19,42,238289775000
13,13 51 ,KALIMANTAN BARAT,KOTA PONTIANAK,65,11,24,2,5225030654000
13,13 52 ,KALIMANTAN BARAT,KOTA SINGKAWANG,46,5,6,0,297903178000
14,14 00 ,KALIMANTAN TENGAH,KALIMANTAN TENGAH,549,220,104,105,5453513408000
14,14 01 ,KALIMANTAN TENGAH,KAB. KAPUAS,118,33,5,26,258694230000
14,14 02 ,KALIMANTAN TENGAH,KAB. BARITO UTARA,20,10,5,0,156388607000
14,14 03 ,KALIMANTAN TENGAH,KAB. BARITO SELATAN,16,17,10,1,133758048000
14,14 04 ,KALIMANTAN TENGAH,KAB. KOTAWARINGIN TIMUR,80,22,16,21,380069517000
14,14 05 ,KALIMANTAN TENGAH,KAB. KOTAWARINGIN BARAT,43,14,9,7,280170925000
14,14 06 ,KALIMANTAN TENGAH,KAB. KATINGAN,23,10,16,1,138817367000
14,14 07 ,KALIMANTAN TENGAH,KAB. SERUYAN,58,23,2,1,124530042000
14,14 08 ,KALIMANTAN TENGAH,KAB. SUKAMARA,12,2,1,4,102467310000
14,14 09 ,KALIMANTAN TENGAH,KAB. LAMANDAU,14,8,3,0,98155469000
14,14 10 ,KALIMANTAN TENGAH,KAB. GUNUNG MAS,27,16,4,0,119260062000
14,14 11 ,KALIMANTAN TENGAH,KAB. PULANG PISAU,20,26,3,3,131292059000
14,14 12 ,KALIMANTAN TENGAH,KAB. MURUNG RAYA,38,6,17,0,98369514000
14,14 13 ,KALIMANTAN TENGAH,KAB. BARITO TIMUR,46,18,2,2,156812680000
15,15 00 ,KALIMANTAN SELATAN,KALIMANTAN SELATAN,534,183,62,121,7480424399000
15,15 01 ,KALIMANTAN SELATAN,KAB. BANJAR,122,24,6,1,368214238000
15,15 02 ,KALIMANTAN SELATAN,KAB. TANAH LAUT,61,14,4,5,334273577000
15,15 03 ,KALIMANTAN SELATAN,KAB. TAPIN,13,13,3,2,176842351000
15,15 04 ,KALIMANTAN SELATAN,KAB. HULU SUNGAI SELATAN,34,7,0,2,251764047000
15,15 05 ,KALIMANTAN SELATAN,KAB. HULU SUNGAI TENGAH,30,16,9,1,267569110000
15,15 06 ,KALIMANTAN SELATAN,KAB. BARITO KUALA,54,14,3,1,229097369000
15,15 07 ,KALIMANTAN SELATAN,KAB. TABALONG,26,17,3,25,252570899000
15,15 08 ,KALIMANTAN SELATAN,KAB. KOTABARU,45,19,7,29,315507100000
15,15 09 ,KALIMANTAN SELATAN,KAB. HULU SUNGAI UTARA,19,8,2,4,267125524000
15,15 10 ,KALIMANTAN SELATAN,KAB. TANAH BUMBU,29,21,5,23,219174109000
15,15 11 ,KALIMANTAN SELATAN,KAB. BALANGAN,26,7,8,0,145943312000
15,15 51 ,KALIMANTAN SELATAN,KOTA BANJARMASIN,63,15,10,23,3905836649000
15,15 52 ,KALIMANTAN SELATAN,KOTA BANJARBARU,12,8,2,5,746506114000
16,16 00 ,KALIMANTAN TIMUR,KALIMANTAN TIMUR,639,184,75,55,33960381456000
16,16 07 ,KALIMANTAN TIMUR,KAB. KUTAI BARAT,21,8,13,3,217569434000
16,16 08 ,KALIMANTAN TIMUR,KAB. KUTAI TIMUR,108,37,31,9,165141882000
16,16 09 ,KALIMANTAN TIMUR,KAB. PENAJAM PASER UTARA,23,4,1,0,19736105817000
16,16 13 ,KALIMANTAN TIMUR,KAB. MAHAKAM ULU,3,11,3,0,40970109000
16,16 51 ,KALIMANTAN TIMUR,KOTA SAMARINDA,47,11,4,6,10094959333000
16,16 52 ,KALIMANTAN TIMUR,KOTA BALIKPAPAN,59,4,2,7,2668004903000
16,16 54 ,KALIMANTAN TIMUR,KOTA BONTANG,16,0,0,5,194129879000
17,17 00 ,SULAWESI UTARA,SULAWESI UTARA,469,181,154,158,8491208061000
17,17 02 ,SULAWESI UTARA,KAB. MINAHASA,79,22,20,23,525065528000
17,17 03 ,SULAWESI UTARA,KAB. BOLAANG MONGONDOW,37,5,2,35,262882017000
17,17 04 ,SULAWESI UTARA,KAB. KEPULAUAN SANGIHE,21,19,0,0,340557354000
17,17 05 ,SULAWESI UTARA,KAB. KEPULAUAN TALAUD,44,3,6,0,167553913000
17,17 06 ,SULAWESI UTARA,KAB. MINAHASA SELATAN,47,17,11,10,268174844000
17,17 08 ,SULAWESI UTARA,KAB. MINAHASA UTARA,19,7,22,14,162193748000
17,17 10 ,SULAWESI UTARA,KAB. MINAHASA TENGGARA,39,11,6,2,102694079000
17,17 11 ,SULAWESI UTARA,KAB. BOLAANG MONGONDOW UTARA,10,3,6,23,73478763000
17,17 13 ,SULAWESI UTARA,KAB. BOLAANG MONGONDOW SELATAN,37,8,4,4,66420098000
17,17 14 ,SULAWESI UTARA,KAB. BOLAANG MONGONDOW TIMUR,7,3,0,7,85053579000
17,17 51 ,SULAWESI UTARA,KOTA MANADO,79,70,44,3,5546075382000
17,17 52 ,SULAWESI UTARA,KOTA TOMOHON,5,1,0,1,87265423000
17,17 53 ,SULAWESI UTARA,KOTA BITUNG,27,4,16,14,500454522000
18,18 00 ,SULAWESI TENGAH,SULAWESI TENGAH,1013,500,270,199,6755175694000
18,18 02 ,SULAWESI TENGAH,KAB. DONGGALA,148,46,17,17,196035867000
18,18 04 ,SULAWESI TENGAH,KAB. BANGGAI,58,29,44,44,443160207000
18,18 06 ,SULAWESI TENGAH,KAB. MOROWALI,59,10,12,67,139990307000
18,18 07 ,SULAWESI TENGAH,KAB. BANGGAI KEPULAUAN,22,9,7,8,114033119000
18,18 08 ,SULAWESI TENGAH,KAB. PARIGI MOUTONG,209,149,2,6,251050230000
18,18 09 ,SULAWESI TENGAH,KAB. TOJO UNA-UNA,71,38,16,0,196063647000
18,18 12 ,SULAWESI TENGAH,KAB. SIGI,125,70,36,6,164844770000
18,18 13 ,SULAWESI TENGAH,KAB. BANGGAI LAUT,12,2,2,5,43769178000
18,18 14 ,SULAWESI TENGAH,KAB. MOROWALI UTARA,28,9,2,0,115792362000
18,18 51 ,SULAWESI TENGAH,KOTA PALU,37,31,21,24,4340570629000
19,19 00 ,SULAWESI SELATAN,SULAWESI SELATAN,1811,717,924,528,20383484852000
19,19 01 ,SULAWESI SELATAN,KAB. PINRANG,100,26,4,7,391142853000
19,19 02 ,SULAWESI SELATAN,KAB. GOWA,142,94,108,52,739373597000
19,19 03 ,SULAWESI SELATAN,KAB. WAJO,107,48,16,78,199597379000
19,19 05 ,SULAWESI SELATAN,KAB. BONE,178,77,111,6,1201750801000
19,19 07 ,SULAWESI SELATAN,KAB. MAROS,70,30,28,4,416568904000
19,19 09 ,SULAWESI SELATAN,KAB. LUWU,55,35,159,16,224170722000
19,19 10 ,SULAWESI SELATAN,KAB. SINJAI,86,13,70,24,237105705000
19,19 11 ,SULAWESI SELATAN,KAB. BULUKUMBA,104,14,42,16,279554201000
19,19 12 ,SULAWESI SELATAN,KAB. BANTAENG,74,20,3,3,220390579000
19,19 13 ,SULAWESI SELATAN,KAB. JENEPONTO,206,90,20,10,213533977000
19,19 14 ,SULAWESI SELATAN,KAB. KEPULAUAN SELAYAR,30,20,15,31,242734634000
19,19 15 ,SULAWESI SELATAN,KAB. TAKALAR,95,25,34,21,311036836000
19,19 16 ,SULAWESI SELATAN,KAB. BARRU,23,29,11,1,191861789000
19,19 17 ,SULAWESI SELATAN,KAB. SIDENRENG RAPPANG,61,27,12,5,195892367000
19,19 19 ,SULAWESI SELATAN,KAB. SOPPENG,16,10,12,34,161927293000
19,19 21 ,SULAWESI SELATAN,KAB. ENREKANG,17,3,14,5,173392998000
19,19 22 ,SULAWESI SELATAN,KAB. LUWU UTARA,15,2,21,12,217415092000
19,19 24 ,SULAWESI SELATAN,KAB. LUWU TIMUR,37,15,14,2,161674809000
19,19 25 ,SULAWESI SELATAN,KAB. TORAJA UTARA,104,10,14,4,112970834000
19,19 51 ,SULAWESI SELATAN,KOTA MAKASSAR,193,56,151,101,12886852827000
19,19 53 ,SULAWESI SELATAN,KOTA PALOPO,18,6,23,21,363349207000
20,20 00 ,SULAWESI TENGGARA,SULAWESI TENGGARA,730,230,211,221,6524765034000
20,20 02 ,SULAWESI TENGGARA,KAB. BUTON,30,7,5,2,238601247000
20,20 03 ,SULAWESI TENGGARA,KAB. MUNA,68,35,12,136,247073234000
20,20 04 ,SULAWESI TENGGARA,KAB. KOLAKA,78,8,9,10,354409930000
20,20 05 ,SULAWESI TENGGARA,KAB. KONAWE SELATAN,113,14,52,1,247269227000
20,20 06 ,SULAWESI TENGGARA,KAB. BOMBANA,55,13,10,2,127461809000
20,20 07 ,SULAWESI TENGGARA,KAB. WAKATOBI,42,8,10,0,218646728000
20,20 08 ,SULAWESI TENGGARA,KAB. KOLAKA UTARA,23,10,11,25,106671867000
20,20 09 ,SULAWESI TENGGARA,KAB. KONAWE,67,22,57,16,246273012000
20,20 10 ,SULAWESI TENGGARA,KAB. KONAWE UTARA,35,17,3,2,72025081000
20,20 11 ,SULAWESI TENGGARA,KAB. BUTON UTARA,20,22,5,3,56311256000
20,20 12 ,SULAWESI TENGGARA,KAB. KOLAKA TIMUR,19,6,6,2,95415607000
20,20 13 ,SULAWESI TENGGARA,KAB. KONAWE KEPULAUAN,9,3,2,1,23077253000
20,20 51 ,SULAWESI TENGGARA,KOTA KENDARI,18,8,5,2,4114208792000
20,20 53 ,SULAWESI TENGGARA,KAB. MUNA BARAT,52,39,4,7,38440507000
20,20 54 ,SULAWESI TENGGARA,KAB. BUTON SELATAN,20,4,3,0,43351342000
20,20 55 ,SULAWESI TENGGARA,KAB. BUTON TENGAH,44,12,7,8,74659353000
21,21 00 ,MALUKU,MALUKU,654,211,262,49,8306653911000
21,21 01 ,MALUKU,KAB. MALUKU TENGAH,217,26,19,0,540016934000
21,21 02 ,MALUKU,KAB. MALUKU TENGGARA,33,8,38,5,573548982000
21,21 03 ,MALUKU,KAB. KEPULAUAN TANIMBAR,63,27,36,4,247051143000
21,21 05 ,MALUKU,KAB. KEPULAUAN ARU,31,19,7,1,212176881000
21,21 06 ,MALUKU,KAB. SERAM BAGIAN BARAT,42,26,13,0,279945885000
21,21 07 ,MALUKU,KAB. SERAM BAGIAN TIMUR,60,36,16,0,241223364000
21,21 09 ,MALUKU,KAB. MALUKU BARAT DAYA,25,46,47,20,190853064000
21,21 10 ,MALUKU,KAB. BURU SELATAN,42,7,2,2,118529218000
21,21 51 ,MALUKU,KOTA AMBON,68,13,82,17,5615200176000
21,21 52 ,MALUKU,KOTA TUAL,31,0,2,0,100878629000
22,22 00 ,BALI,BALI,168,46,21,34,11542430868000
22,22 01 ,BALI,KAB. BULELENG,52,14,2,6,806489503000
22,22 02 ,BALI,KAB. JEMBRANA,18,1,2,1,331341241000
22,22 03 ,BALI,KAB. KLUNGKUNG,20,0,4,0,176813683000
22,22 04 ,BALI,KAB. GIANYAR,11,2,0,3,292495590000
22,22 05 ,BALI,KAB. KARANGASEM,20,11,2,1,268146352000
22,22 06 ,BALI,KAB. BANGLI,8,9,0,2,173232544000
22,22 07 ,BALI,KAB. BADUNG,19,8,3,6,636415393000
22,22 08 ,BALI,KAB. TABANAN,11,0,1,1,281235437000
22,22 51 ,BALI,KOTA DENPASAR,9,1,7,14,8576261125000
23,23 00 ,NUSA TENGGARA BARAT,NUSA TENGGARA BARAT,1093,319,919,661,6947320947000
23,23 01 ,NUSA TENGGARA BARAT,KAB. LOMBOK BARAT,123,21,131,84,307928611000
23,23 02 ,NUSA TENGGARA BARAT,KAB. LOMBOK TENGAH,167,91,80,61,515201286000
23,23 03 ,NUSA TENGGARA BARAT,KAB. LOMBOK TIMUR,197,61,305,315,510561480000
23,23 05 ,NUSA TENGGARA BARAT,KAB. SUMBAWA,57,13,21,48,341533621000
23,23 06 ,NUSA TENGGARA BARAT,KAB. DOMPU,165,17,82,18,199191672000
23,23 07 ,NUSA TENGGARA BARAT,KAB. SUMBAWA BARAT,14,4,5,6,118704848000
23,23 08 ,NUSA TENGGARA BARAT,KAB. LOMBOK UTARA,37,8,133,9,107245159000
23,23 51 ,NUSA TENGGARA BARAT,KOTA MATARAM,17,6,11,17,4259410023000
23,23 52 ,NUSA TENGGARA BARAT,KOTA BIMA,60,2,29,6,270213070000
24,24 00 ,NUSA TENGGARA TIMUR,NUSA TENGGARA TIMUR,3463,866,596,686,11564138920000
24,24 01 ,NUSA TENGGARA TIMUR,KAB. KUPANG,66,54,48,63,480436966000
24,24 03 ,NUSA TENGGARA TIMUR,KAB. TIMOR TENGAH UTARA,55,26,33,17,337401199000
24,24 04 ,NUSA TENGGARA TIMUR,KAB. TIMOR TENGAH SELATAN,384,86,44,91,183205338000
24,24 07 ,NUSA TENGGARA TIMUR,KAB. FLORES TIMUR,67,24,28,43,189206156000
24,24 09 ,NUSA TENGGARA TIMUR,KAB. NGADA,32,22,13,32,122389584000
24,24 10 ,NUSA TENGGARA TIMUR,KAB. MANGGARAI,48,43,44,16,290032105000
24,24 11 ,NUSA TENGGARA TIMUR,KAB. SUMBA TIMUR,1361,52,27,1,277523546000
24,24 12 ,NUSA TENGGARA TIMUR,KAB. SUMBA BARAT,67,17,37,2,131758468000
24,24 13 ,NUSA TENGGARA TIMUR,KAB. LEMBATA,33,9,26,2,193734012000
24,24 14 ,NUSA TENGGARA TIMUR,KAB. ROTE NDAO,44,18,6,10,174958761000
24,24 15 ,NUSA TENGGARA TIMUR,KAB. MANGGARAI BARAT,38,17,19,3,328395020000
24,24 17 ,NUSA TENGGARA TIMUR,KAB. NAGEKEO,48,27,11,5,95720816000
24,24 18 ,NUSA TENGGARA TIMUR,KAB. SUMBA TENGAH,17,4,4,4,30046673000
24,24 19 ,NUSA TENGGARA TIMUR,KAB. SUMBA BARAT DAYA,515,173,31,167,156607901000
24,24 21 ,NUSA TENGGARA TIMUR,KAB. SABU RAIJUA,23,4,8,3,104416113000
24,24 22 ,NUSA TENGGARA TIMUR,KAB. MALAKA,150,75,18,3,78928376000
24,24 51 ,NUSA TENGGARA TIMUR,KOTA KUPANG,68,13,42,16,7274418998000
25,25 00 ,PAPUA,PAPUA,2842,856,402,294,10841701852000
25,25 01 ,PAPUA,KAB. JAYAPURA,115,22,47,9,485500169000
25,25 02 ,PAPUA,KAB. BIAK NUMFOR,122,19,10,2,974474024000
25,25 04 ,PAPUA,KAB. KEPULAUAN YAPEN,39,3,12,32,161005145000
25,25 07 ,PAPUA,KAB. MERAUKE,156,93,26,53,1179088534000
25,25 08 ,PAPUA,KAB. JAYAWIJAYA,36,136,59,86,433158275000
25,25 09 ,PAPUA,KAB. PANIAI,237,8,111,3,57279673000
25,25 10 ,PAPUA,KAB. NABIRE,47,30,14,9,94391459000
25,25 11 ,PAPUA,KAB. PUNCAK JAYA,214,16,0,0,215941766000
25,25 12 ,PAPUA,KAB. MIMIKA,123,50,8,10,341719944000
25,25 13 ,PAPUA,KAB. MAPPI,243,26,1,11,35088172000
25,25 14 ,PAPUA,KAB. ASMAT,252,10,0,0,42232726000
25,25 15 ,PAPUA,KAB. BOVEN DIGOEL,123,1,2,0,155452436000
25,25 16 ,PAPUA,KAB. SARMI,46,19,0,9,77764041000
25,25 17 ,PAPUA,KAB. KEEROM,18,2,0,0,144583858000
25,25 18 ,PAPUA,KAB. TOLIKARA,12,117,2,0,15254696000
25,25 19 ,PAPUA,KAB. PEGUNUNGAN BINTANG,232,4,0,5,93606103000
25,25 20 ,PAPUA,KAB. MAMBERAMO RAYA,14,7,3,0,52229904000
25,25 23 ,PAPUA,KAB. WAROPEN,38,10,0,0,66697498000
25,25 24 ,PAPUA,KAB. YAHUKIMO,284,107,5,3,75336860000
25,25 27 ,PAPUA,KAB. SUPIORI,21,4,10,0,55680507000
25,25 29 ,PAPUA,KAB. LANNY JAYA,57,14,52,5,48409344000
25,25 33 ,PAPUA,KAB. PUNCAK,3,2,2,0,44690540000
25,25 35 ,PAPUA,KAB. INTAN JAYA,2,14,0,0,22034935000
25,25 36 ,PAPUA,KAB. DEIYAI,55,63,32,9,19502941000
25,25 51 ,PAPUA,KOTA JAYAPURA,90,18,1,40,5846026651000
26,26 00 ,BENGKULU,BENGKULU,286,91,119,198,4518470238000
26,26 01 ,BENGKULU,KAB. BENGKULU UTARA,27,12,12,1,177700506000
26,26 02 ,BENGKULU,KAB. BENGKULU SELATAN,70,1,29,3,152255852000
26,26 03 ,BENGKULU,KAB. REJANG LEBONG,21,8,7,13,432186184000
26,26 04 ,BENGKULU,KAB. SELUMA,31,6,10,9,146495783000
26,26 07 ,BENGKULU,KAB. LEBONG,8,13,1,4,92609708000
26,26 08 ,BENGKULU,KAB. KEPAHIANG,15,9,10,2,129519294000
26,26 09 ,BENGKULU,KAB. BENGKULU TENGAH,19,6,12,0,114342501000
26,26 51 ,BENGKULU,KOTA BENGKULU,24,14,12,122,2996945073000
28,28 00 ,MALUKU UTARA,MALUKU UTARA,534,144,103,107,4660169975000
28,28 02 ,MALUKU UTARA,KAB. HALMAHERA TENGAH,56,35,9,0,102158575000
28,28 03 ,MALUKU UTARA,KAB. HALMAHERA UTARA,93,9,9,33,236622752000
28,28 04 ,MALUKU UTARA,KAB. HALMAHERA SELATAN,172,42,62,25,313525688000
28,28 05 ,MALUKU UTARA,KAB. KEPULAUAN SULA,5,10,0,3,235402557000
28,28 06 ,MALUKU UTARA,KAB. HALMAHERA TIMUR,33,10,3,13,140253920000
28,28 07 ,MALUKU UTARA,KAB. HALMAHERA BARAT,50,5,4,3,195281288000
28,28 08 ,MALUKU UTARA,KAB. PULAU MOROTAI,1,1,5,8,188225145000
28,28 09 ,MALUKU UTARA,KAB. PULAU TALIABU,53,16,5,11,58643093000
28,28 51 ,MALUKU UTARA,KOTA TERNATE,34,13,4,7,2705022887000
28,28 53 ,MALUKU UTARA,KOTA TIDORE KEPULAUAN,37,3,2,4,469293927000
29,29 00 ,BANTEN,BANTEN,1397,471,342,580,8494366463000
29,29 01 ,BANTEN,KAB. SERANG,181,161,137,71,829150925000
29,29 02 ,BANTEN,KAB. PANDEGLANG,249,92,41,76,660741274000
29,29 03 ,BANTEN,KAB. LEBAK,204,85,29,23,481176870000
29,29 04 ,BANTEN,KAB. TANGERANG,408,88,93,332,1200920831000
29,29 51 ,BANTEN,KOTA TANGERANG,111,6,8,12,1409376697000
29,29 52 ,BANTEN,KOTA CILEGON,9,2,4,37,339438029000
29,29 53 ,BANTEN,KOTA SERANG,143,23,16,27,2742979485000
30,30 00 ,KEPULAUAN BANGKA BELITUNG,KEPULAUAN BANGKA BELITUNG,231,31,23,51,395432550000
30,30 01 ,KEPULAUAN BANGKA BELITUNG,KAB. BELITUNG,14,1,1,16,245890798000
30,30 02 ,KEPULAUAN BANGKA BELITUNG,KAB. BANGKA,71,4,6,3,274078775000
30,30 03 ,KEPULAUAN BANGKA BELITUNG,KAB. BANGKA BARAT,39,14,5,9,122947720000
30,30 04 ,KEPULAUAN BANGKA BELITUNG,KAB. BANGKA TENGAH,16,3,1,1,143217706000
30,30 05 ,KEPULAUAN BANGKA BELITUNG,KAB. BANGKA SELATAN,42,6,10,19,104761415000
30,30 06 ,KEPULAUAN BANGKA BELITUNG,KAB. BELITUNG TIMUR,16,2,0,0,103048714000
30,30 51 ,KEPULAUAN BANGKA BELITUNG,KOTA PANGKALPINANG,33,1,0,3,1856953417000
31,31 00 ,GORONTALO,GORONTALO,518,183,168,149,5027118670000
31,31 01 ,GORONTALO,KAB. GORONTALO,137,61,42,24,459528945000
31,31 02 ,GORONTALO,KAB. BOALEMO,106,27,44,24,145027103000
31,31 04 ,GORONTALO,KAB. BONE BOLANGO,86,45,27,17,194922669000
31,31 07 ,GORONTALO,KAB. GORONTALO UTARA,58,17,20,60,190284232000
31,31 51 ,GORONTALO,KOTA GORONTALO,28,14,6,14,3901159863000
32,32 00 ,KEPULAUAN RIAU,KEPULAUAN RIAU,271,19,61,8,8572641079000
32,32 01 ,KEPULAUAN RIAU,KAB. BINTAN,35,0,1,2,232229942000
32,32 02 ,KEPULAUAN RIAU,KAB. KARIMUN,32,3,2,0,225143805000
32,32 03 ,KEPULAUAN RIAU,KAB. NATUNA,4,3,4,0,255547829000
32,32 04 ,KEPULAUAN RIAU,KAB. LINGGA,2,1,1,0,149963058000
32,32 51 ,KEPULAUAN RIAU,KOTA BATAM,169,10,52,5,5236421900000
33,33 00 ,PAPUA BARAT,PAPUA BARAT,584,112,72,75,5723145330000
33,33 01 ,PAPUA BARAT,KAB. MANOKWARI,25,6,7,17,2463349917000
33,33 02 ,PAPUA BARAT,KAB. SORONG,96,9,13,3,260999849000
33,33 04 ,PAPUA BARAT,KAB. SORONG SELATAN,32,2,0,0,84937684000
33,33 05 ,PAPUA BARAT,KAB. RAJA AMPAT,27,9,7,9,115841013000
33,33 06 ,PAPUA BARAT,KAB. TELUK BINTUNI,59,20,0,6,335309435000
33,33 07 ,PAPUA BARAT,KAB. TELUK WONDAMA,73,5,0,0,96431217000
33,33 08 ,PAPUA BARAT,KAB. KAIMANA,25,4,0,0,194916133000
33,33 09 ,PAPUA BARAT,KAB. TAMBRAUW,26,7,13,1,58056733000
33,33 10 ,PAPUA BARAT,KAB. MAYBRAT,3,13,1,0,91325002000
33,33 11 ,PAPUA BARAT,KAB. PEGUNUNGAN ARFAK,35,7,0,0,41350968000
33,33 12 ,PAPUA BARAT,KAB. MANOKWARI SELATAN,23,5,4,0,121325707000
33,33 51 ,PAPUA BARAT,KOTA SORONG,128,15,17,31,1312025364000
34,34 01 ,SULAWESI BARAT,KAB. MAJENE,42,12,40,106,513388171000
34,34 02 ,SULAWESI BARAT,KAB. MAMUJU,104,32,12,7,905257631000
34,34 03 ,SULAWESI BARAT,KAB. PASANGKAYU,59,40,4,30,140238875000
34,34 04 ,SULAWESI BARAT,KAB. POLEWALI MANDAR,98,57,6,14,308469559000
34,34 05 ,SULAWESI BARAT,KAB. MAMASA,40,19,20,186,141582856000
34,34 06 ,SULAWESI BARAT,KAB. MAMUJU TENGAH,59,6,0,13,109432235000
35,35 00 ,KALIMANTAN UTARA,KALIMANTAN UTARA,162,39,16,16,3293591130000
35,35 01 ,KALIMANTAN UTARA,KAB. BULUNGAN,30,2,2,2,1545916656000
35,35 02 ,KALIMANTAN UTARA,KAB. NUNUKAN,70,18,6,8,375020758000
35,35 03 ,KALIMANTAN UTARA,KAB. MALINAU,32,13,6,0,182567079000
35,35 04 ,KALIMANTAN UTARA,KAB. TANA TIDUNG,6,0,0,1,30153285000
35,35 51 ,KALIMANTAN UTARA,KOTA TARAKAN,24,6,2,5,1159933352000
36,36 01 ,PAPUA SELATAN,KAB. MERAUKE,156,93,26,53,543563731000
36,36 02 ,PAPUA SELATAN,KAB. BOVEN DIGOEL,123,1,2,0,147457299000
36,36 03 ,PAPUA SELATAN,KAB. MAPPI,243,26,1,11,89239712000
36,36 04 ,PAPUA SELATAN,KAB. ASMAT,252,10,0,0,96800395000
37,37 01 ,PAPUA TENGAH,KAB. MIMIKA,123,50,8,10,502217688000
37,37 02 ,PAPUA TENGAH,KAB. NABIRE,47,30,14,9,484966526000
37,37 03 ,PAPUA TENGAH,KAB. PANIAI,237,8,111,3,43929034000
37,37 04 ,PAPUA TENGAH,KAB. PUNCAK JAYA,214,16,0,0,58339446000
37,37 05 ,PAPUA TENGAH,KAB. PUNCAK,3,2,2,0,162967378000
37,37 06 ,PAPUA TENGAH,KAB. DOGIYAI,175,35,0,8,23284558000
37,37 07 ,PAPUA TENGAH,KAB. INTAN JAYA,2,14,0,0,28789359000
37,37 08 ,PAPUA TENGAH,KAB. DEIYAI,55,63,32,9,30744392000
38,38 01 ,PAPUA PEGUNUNGAN,KAB. JAYAWIJAYA,36,136,59,86,612255695000
38,38 02 ,PAPUA PEGUNUNGAN,KAB. YAHUKIMO,284,107,5,3,209196780000
38,38 03 ,PAPUA PEGUNUNGAN,KAB. TOLIKARA,12,117,2,0,94322341000
38,38 04 ,PAPUA PEGUNUNGAN,KAB. MAMBERAMO TENGAH,23,8,2,0,22696430000
38,38 05 ,PAPUA PEGUNUNGAN,KAB. YALIMO,24,18,0,0,98587459000
38,38 06 ,PAPUA PEGUNUNGAN,KAB. PEGUNUNGAN BINTANG,232,4,0,5,248418889000
38,38 07 ,PAPUA PEGUNUNGAN,KAB. LANNY JAYA,57,14,52,5,46497400000
38,38 08 ,PAPUA PEGUNUNGAN,KAB. NDUGA,41,0,3,0,13440038000
39,39 02 ,PAPUA BARAT DAYA,KAB. SORONG,96,9,13,3,3828957000
39,39 03 ,PAPUA BARAT DAYA,KAB. SORONG SELATAN,32,2,0,0,20061676000
39,39 04 ,PAPUA BARAT DAYA,KAB. RAJA AMPAT,27,9,7,9,19265177000
39,39 05 ,PAPUA BARAT DAYA,KAB. TAMBRAUW,26,7,13,1,6689986000
39,39 06 ,PAPUA BARAT DAYA,KAB. MAYBRAT,3,13,1,0,3773180000
39,39 51 ,PAPUA BARAT DAYA,KOTA SORONG,128,15,17,31,574152293000
